MRID,FAVORITE,NOM_POPULAR,DSC_NOME,VLR_CLIMATICA,VEL_CRESCIMENTO,DSC_CRESCIMENTO,DIM_TRONCO_NOVO,DIM_TRONCO_ANTIGO,DSC_CRESCIMENTO_1,DSC_CRESCIMENTO_2,DSC_CRESCIMENTO_3,DSC_CRESCIMENTO_4,DSC_CRESCIMENTO_5,DSC_CRESCIMENTO_6,DSC_CRESCIMENTO_7,DSC_CRESCIMENTO_8,DSC_CRESCIMENTO_9,DSC_CRESCIMENTO_10,DSC_CRESCIMENTO_11,DSC_CRESCIMENTO_12,DENSITY
1,0,NAO ESPECIFICADO,GENERICA,"Tropical,Subtropical,Arido,Litoraneo,Equatorial,Temperado",Medio,Perene,"0,2","0,3",Vegetativo,Vegetativo,Vegetativo,Vegetativo,Vegetativo,Vegetativo,Vegetativo,Vegetativo,Vegetativo,Vegetativo,Vegetativo,Vegetativo,
11,0,ALFENEIRO,LIGUSTRUM LUCIDUM,"Tropical,Subtropical",Rapido,Perene,"0,2","0,48",Vegetativo,Vegetativo,Vegetativo,Vegetativo,Vegetativo,Vegetativo,Vegetativo,Vegetativo,Vegetativo,Vegetativo,Vegetativo,Vegetativo,
12,0,AMENDOIM BRAVO,PLATYPODIUM ELEGANS,"Equatorial,Tropical,Subtropical",Lento,Semi,"0,2","0,5",Reprodutivo,Reprodutivo,Reprodutivo,Reprodutivo,Reprodutivo,Repouso,Repouso,Vegetativo,Vegetativo,Vegetativo,Vegetativo,Vegetativo,
13,0,AMENDOIM DO CAMPO,PLATYPODIUM ELEGANS,"Equatorial,Tropical,Subtropical",Lento,Semi,"0,2","0,48",Reprodutivo,Reprodutivo,Reprodutivo,Reprodutivo,Reprodutivo,Repouso,Repouso,Vegetativo,Vegetativo,Vegetativo,Vegetativo,Vegetativo,
14,0,ANGICO-VERMELHO,ANADENANTHERA COLUBRINA,"Temperado,Tropical,Subtropical",Lento,Sazonal,"0,15","0,32",Reprodutivo,Reprodutivo,Reprodutivo,Reprodutivo,Reprodutivo,Repouso,Repouso,Vegetativo,Vegetativo,Vegetativo,Vegetativo,Vegetativo,
15,0,ARAUCARIA,ARAUCARIA ANGUSTIFOLIA,"Temperado,Subtropical",Rapido,Perene,"0,3","1,2",Vegetativo,Vegetativo,Vegetativo,Vegetativo,Vegetativo,Vegetativo,Vegetativo,Vegetativo,Vegetativo,Vegetativo,Vegetativo,Vegetativo,
16,0,AROEIRA-BRANCA,LITHRAEA MOLLEOIDES,"Equatorial,Tropical,Subtropical",Medio,Perene,"0,1","0,2",Vegetativo,Vegetativo,Vegetativo,Vegetativo,Vegetativo,Vegetativo,Vegetativo,Vegetativo,Vegetativo,Vegetativo,Vegetativo,Vegetativo,
17,0,AROEIRA SALSA,SCHINUS MOLLE,"Equatorial,Tropical,Subtropical",Medio,Perene,"0,1","0,2",Vegetativo,Vegetativo,Vegetativo,Vegetativo,Vegetativo,Vegetativo,Vegetativo,Vegetativo,Vegetativo,Vegetativo,Vegetativo,Vegetativo,
18,0,BONIFACIO,MAPROUNEA GUIANENSIS,"Equatorial,Tropical,Subtropical",Lento,Sazonal,"0,1","0,32",Vegetativo,Vegetativo,Vegetativo,Vegetativo,Vegetativo,Vegetativo,Vegetativo,Vegetativo,Vegetativo,Vegetativo,Vegetativo,Vegetativo,
19,0,CAJUEIRO,ANACARDIUM OCCIDENTALE,"Equatorial,Arido,Tropical,Subtropical,Litoraneo",Lento,Perene,"0,25","0,56",Vegetativo,Vegetativo,Vegetativo,Vegetativo,Vegetativo,Vegetativo,Vegetativo,Vegetativo,Vegetativo,Vegetativo,Vegetativo,Vegetativo,
20,0,CANAFISTULA,PELTOPHORUM DUBIUM,"Equatorial,Tropical,Subtropical",Rapido,Semi,"0,3","0,72",Reprodutivo,Reprodutivo,Reprodutivo,Reprodutivo,Reprodutivo,Repouso,Repouso,Vegetativo,Vegetativo,Vegetativo,Vegetativo,Vegetativo,
21,0,CANELINHA,NECTANDRA MEGAPOTAMICA,"Temperado,Tropical,Subtropical",Rapido,Perene,"0,2","0,4",Vegetativo,Vegetativo,Vegetativo,Vegetativo,Vegetativo,Vegetativo,Vegetativo,Vegetativo,Vegetativo,Vegetativo,Vegetativo,Vegetativo,
22,0,CHA-DE-BUGRE,CORDIA SALICIFOLIA,"Temperado,Tropical,Subtropical",Medio,Perene,"0,1","0,32",Vegetativo,Vegetativo,Vegetativo,Vegetativo,Vegetativo,Vegetativo,Vegetativo,Vegetativo,Vegetativo,Vegetativo,Vegetativo,Vegetativo,
23,0,CEDRO,CEDRELA FISSILIS,"Equatorial,Tropical,Subtropical",Rapido,Sazonal,"0,3","0,56",Vegetativo,Reprodutivo,Reprodutivo,Reprodutivo,Reprodutivo,Repouso,Repouso,Vegetativo,Vegetativo,Vegetativo,Vegetativo,Vegetativo,
24,0,ESPATODEA,SPATHODEA CAMPANULATA,"Equatorial,Tropical,Subtropical",Rapido,Sazonal,"0,25","0,4",Vegetativo,Reprodutivo,Reprodutivo,Reprodutivo,Reprodutivo,Repouso,Repouso,Vegetativo,Vegetativo,Vegetativo,Vegetativo,Vegetativo,
25,0,EUCALIPTO,EUCALYPTUS GLOBULUS,"Equatorial,Tropical,Subtropical",Rapido,Perene,"0,3","0,8",Vegetativo,Vegetativo,Vegetativo,Vegetativo,Vegetativo,Vegetativo,Vegetativo,Vegetativo,Vegetativo,Vegetativo,Vegetativo,Vegetativo,
26,0,FARINHA SECA,ALBIZIA NIOPOIDES,"Temperado,Tropical,Subtropical",Lento,Semi,"0,25","0,56",Reprodutivo,Reprodutivo,Reprodutivo,Reprodutivo,Reprodutivo,Repouso,Repouso,Vegetativo,Vegetativo,Vegetativo,Vegetativo,Vegetativo,
27,0,FICUS,FICUS SP.,"Equatorial,Tropical,Subtropical",Rapido,Perene,"0,4","0,8",Vegetativo,Vegetativo,Vegetativo,Vegetativo,Vegetativo,Vegetativo,Vegetativo,Vegetativo,Vegetativo,Vegetativo,Vegetativo,Vegetativo,
28,0,FLAMBOYANT,DELONIX REGIA,"Equatorial,Tropical,Subtropical",Rapido,Semi,"0,2","0,8",Reprodutivo,Vegetativo,Vegetativo,Vegetativo,Repouso,Repouso,Repouso,Vegetativo,Vegetativo,Reprodutivo,Reprodutivo,Reprodutivo,
29,0,GUAJUVIRA,CORDIA AMERICANA,"Equatorial,Tropical,Subtropical",Rapido,Sazonal,"0,25","0,56",Vegetativo,Reprodutivo,Reprodutivo,Reprodutivo,Reprodutivo,Repouso,Repouso,Vegetativo,Vegetativo,Vegetativo,Vegetativo,Vegetativo,
30,0,INGA,INGA SP.,"Equatorial,Tropical,Subtropical",Rapido,Semi,"0,25","0,56",Reprodutivo,Reprodutivo,Reprodutivo,Reprodutivo,Reprodutivo,Repouso,Repouso,Vegetativo,Vegetativo,Vegetativo,Vegetativo,Vegetativo,
31,0,INGA FERRADURA,INGA SESSILIS,"Equatorial,Tropical,Subtropical",Rapido,Semi,"0,25","0,56",Reprodutivo,Reprodutivo,Reprodutivo,Reprodutivo,Reprodutivo,Repouso,Repouso,Vegetativo,Vegetativo,Vegetativo,Vegetativo,Vegetativo,
32,0,IPÊ,HANDROANTHUS SP,"Temperado,Tropical,Subtropical",Rapido,Semi,"0,2","0,32",Vegetativo,Vegetativo,Reprodutivo,Reprodutivo,Reprodutivo,Repouso,Repouso,Repouso,Repouso,Vegetativo,Vegetativo,Vegetativo,
10,0,ACACIA,ACACIA SP.,"Tropical,Subtropical",Rapido,Sazonal,"0,15","0,24",Vegetativo,Reprodutivo,Reprodutivo,Reprodutivo,Reprodutivo,Repouso,Repouso,Repouso,Vegetativo,Vegetativo,Vegetativo,Vegetativo,
33,0,JACARANDA,JACARANDA SP.,"Temperado,Tropical,Subtropical,Equatorial",Medio,Semi,"0,1","0,24",Reprodutivo,Reprodutivo,Reprodutivo,Reprodutivo,Reprodutivo,Repouso,Repouso,Vegetativo,Vegetativo,Vegetativo,Vegetativo,Vegetativo,
34,0,JACARANDA-MIMOSO,JACARANDA MIMOSIFOLIA,Subtropical,Rapido,Sazonal,"0,15","0,32",Reprodutivo,Vegetativo,Vegetativo,Vegetativo,Repouso,Repouso,Repouso,Vegetativo,Vegetativo,Reprodutivo,Reprodutivo,Reprodutivo,
35,0,JAMBOLAO,SYZYGIUM JAMBOLANUM,"Equatorial,Tropical,Subtropical",Rapido,Perene,"0,3","0,72",Vegetativo,Vegetativo,Vegetativo,Vegetativo,Vegetativo,Vegetativo,Vegetativo,Vegetativo,Vegetativo,Vegetativo,Vegetativo,Vegetativo,
36,0,LEITEIRA,TABERNAEMONTANA HYSTRIX,"Tropical,Subtropical",Medio,Perene,"0,1","0,24",Vegetativo,Vegetativo,Vegetativo,Vegetativo,Vegetativo,Vegetativo,Vegetativo,Vegetativo,Vegetativo,Vegetativo,Vegetativo,Vegetativo,
37,0,LEUCENA,LEUCAENA LEUCOCEPHALA,"Tropical,Subtropical",Rapido,Perene,"0,1","0,24",Vegetativo,Vegetativo,Vegetativo,Vegetativo,Vegetativo,Vegetativo,Vegetativo,Vegetativo,Vegetativo,Vegetativo,Vegetativo,Vegetativo,
38,0,MAGNOLIA,MICHELIA CHAMPACA,"Tropical,Subtropical",Lento,Semi,"0,2","0,32",Vegetativo,Vegetativo,Vegetativo,Vegetativo,Vegetativo,Vegetativo,Vegetativo,Vegetativo,Repouso,Repouso,Repouso,Vegetativo,
39,0,MANACA-DA-SERRA,TIBOUCHINA MUTABILIS,"Equatorial,Tropical,Subtropical",Rapido,Semi,"0,2","0,32",Reprodutivo,Reprodutivo,Reprodutivo,Reprodutivo,Reprodutivo,Repouso,Repouso,Vegetativo,Vegetativo,Vegetativo,Vegetativo,Vegetativo,
40,0,MANGUEIRA,MANGIFERA INDICA,"Equatorial,Tropical,Subtropical",Rapido,Perene,"0,3","0,8",Vegetativo,Vegetativo,Vegetativo,Vegetativo,Vegetativo,Vegetativo,Vegetativo,Vegetativo,Vegetativo,Vegetativo,Vegetativo,Vegetativo,
41,0,MARMELEIRO-DO-CAMPO,CYDONIA OBLONGA,"Temperado,Subtropical",Medio,Sazonal,"0,1","0,24",Vegetativo,Reprodutivo,Reprodutivo,Reprodutivo,Reprodutivo,Repouso,Repouso,Vegetativo,Vegetativo,Vegetativo,Vegetativo,Vegetativo,
102,0,MURTA,MYRTUS SP.,"Tropical,Subtropical,Arido,Litoraneo,Equatorial,Temperado",Medio,Perene,"0,1","0,2",Vegetativo,Vegetativo,Vegetativo,Vegetativo,Vegetativo,Vegetativo,Vegetativo,Vegetativo,Vegetativo,Vegetativo,Vegetativo,Vegetativo,
103,0,NIM INDIANO,AZADIRACTHA INDICA,"Tropical,Subtropical,Arido,Litoraneo,Equatorial,Temperado",Medio,Perene,"0,1","0,2",Vegetativo,Vegetativo,Vegetativo,Vegetativo,Vegetativo,Vegetativo,Vegetativo,Vegetativo,Vegetativo,Vegetativo,Vegetativo,Vegetativo,
104,0,PAINEIRA,CEIBA SPECIOSA,"Tropical,Subtropical,Arido,Litoraneo,Equatorial,Temperado",Medio,Perene,"0,1","0,2",Vegetativo,Vegetativo,Vegetativo,Vegetativo,Vegetativo,Vegetativo,Vegetativo,Vegetativo,Vegetativo,Vegetativo,Vegetativo,Vegetativo,
105,0,PAU DOCE,HOVENIA DULCIS,"Tropical,Subtropical,Arido,Litoraneo,Equatorial,Temperado",Medio,Perene,"0,1","0,2",Vegetativo,Vegetativo,Vegetativo,Vegetativo,Vegetativo,Vegetativo,Vegetativo,Vegetativo,Vegetativo,Vegetativo,Vegetativo,Vegetativo,
106,0,PINUS,PINUS SP.,"Tropical,Subtropical,Arido,Litoraneo,Equatorial,Temperado",Medio,Perene,"0,1","0,2",Vegetativo,Vegetativo,Vegetativo,Vegetativo,Vegetativo,Vegetativo,Vegetativo,Vegetativo,Vegetativo,Vegetativo,Vegetativo,Vegetativo,
8,0,AROEIRA,SCHINUS TEREBINTHIFOLIUS,"Equatorial,Tropical,Subtropical",Medio,Perene,"0,1","0,2",Vegetativo,Vegetativo,Vegetativo,Vegetativo,Vegetativo,Vegetativo,Vegetativo,Vegetativo,Vegetativo,Vegetativo,Vegetativo,Vegetativo,
107,0,SABONETEIRA,SAPINDUS SAPONARIA,"Tropical,Subtropical,Arido,Litoraneo,Equatorial,Temperado",Medio,Perene,"0,1","0,2",Vegetativo,Vegetativo,Vegetativo,Vegetativo,Vegetativo,Vegetativo,Vegetativo,Vegetativo,Vegetativo,Vegetativo,Vegetativo,Vegetativo,
108,0,SALIX,SALIX VIMINALIS,"Tropical,Subtropical,Arido,Litoraneo,Equatorial,Temperado",Medio,Perene,"0,1","0,2",Vegetativo,Vegetativo,Vegetativo,Vegetativo,Vegetativo,Vegetativo,Vegetativo,Vegetativo,Vegetativo,Vegetativo,Vegetativo,Vegetativo,
109,0,SANSÃO DO CAMPO,MIMOSA CAESALPINIFOLIA,"Tropical,Subtropical,Arido,Litoraneo,Equatorial,Temperado",Medio,Perene,"0,1","0,2",Vegetativo,Vegetativo,Vegetativo,Vegetativo,Vegetativo,Vegetativo,Vegetativo,Vegetativo,Vegetativo,Vegetativo,Vegetativo,Vegetativo,
110,0,SANSÃO DO CAMPO (CERCA-VIVA),MIMOSA CAESALPINIFOLIA,"Tropical,Subtropical,Arido,Litoraneo,Equatorial,Temperado",Medio,Perene,"0,1","0,2",Vegetativo,Vegetativo,Vegetativo,Vegetativo,Vegetativo,Vegetativo,Vegetativo,Vegetativo,Vegetativo,Vegetativo,Vegetativo,Vegetativo,
111,0,SAPUCAIA,LECYTHIS PISONIS,"Tropical,Subtropical,Arido,Litoraneo,Equatorial,Temperado",Medio,Perene,"0,1","0,2",Vegetativo,Vegetativo,Vegetativo,Vegetativo,Vegetativo,Vegetativo,Vegetativo,Vegetativo,Vegetativo,Vegetativo,Vegetativo,Vegetativo,
112,0,SETE CASCAS,SAMANEA INOPNATA,"Tropical,Subtropical,Arido,Litoraneo,Equatorial,Temperado",Medio,Perene,"0,1","0,2",Vegetativo,Vegetativo,Vegetativo,Vegetativo,Vegetativo,Vegetativo,Vegetativo,Vegetativo,Vegetativo,Vegetativo,Vegetativo,Vegetativo,
113,0,TRIPLARIS,TRIPLARIS AMERICANA,"Tropical,Subtropical,Arido,Litoraneo,Equatorial,Temperado",Medio,Perene,"0,1","0,2",Vegetativo,Vegetativo,Vegetativo,Vegetativo,Vegetativo,Vegetativo,Vegetativo,Vegetativo,Vegetativo,Vegetativo,Vegetativo,Vegetativo,
114,0,TUIA,CUPRESSUS SP.,"Tropical,Subtropical,Arido,Litoraneo,Equatorial,Temperado",Medio,Perene,"0,1","0,2",Vegetativo,Vegetativo,Vegetativo,Vegetativo,Vegetativo,Vegetativo,Vegetativo,Vegetativo,Vegetativo,Vegetativo,Vegetativo,Vegetativo,
115,0,URUCUM,BIXA ORELLANA,"Tropical,Subtropical,Arido,Litoraneo,Equatorial,Temperado",Medio,Perene,"0,1","0,2",Vegetativo,Vegetativo,Vegetativo,Vegetativo,Vegetativo,Vegetativo,Vegetativo,Vegetativo,Vegetativo,Vegetativo,Vegetativo,Vegetativo,
42,0,MUNGUBA,PACHIRA AQUATICA,"Equatorial,Tropical,Subtropical",Rapido,Perene,"0,4","0,48",Vegetativo,Vegetativo,Vegetativo,Vegetativo,Vegetativo,Vegetativo,Vegetativo,Vegetativo,Vegetativo,Vegetativo,Vegetativo,Vegetativo,
43,0,OITI,LICANIA TOMENTOSA,"Equatorial,Tropical,Subtropical",Lento,Perene,"0,3","0,56",Reprodutivo,Reprodutivo,Reprodutivo,Reprodutivo,Reprodutivo,Repouso,Repouso,Vegetativo,Vegetativo,Vegetativo,Vegetativo,Vegetativo,
44,0,ORELHA DE MACACO,ENTEROLOBIUM CONTORTISILIQUUM,"Equatorial,Tropical,Subtropical",Rapido,Sazonal,"0,3","0,72",Vegetativo,Reprodutivo,Reprodutivo,Reprodutivo,Reprodutivo,Repouso,Repouso,Vegetativo,Vegetativo,Vegetativo,Vegetativo,Vegetativo,
45,0,PALMEIRA IMPERIAL,ROYSTONEA OLERACEA,"Equatorial,Tropical,Subtropical,Litoraneo",Palmeira,Perene,"0,2","0,48",Vegetativo,Vegetativo,Vegetativo,Vegetativo,Vegetativo,Vegetativo,Vegetativo,Vegetativo,Vegetativo,Vegetativo,Vegetativo,Vegetativo,
46,0,PALMEIRA,PALMEIRA,"Equatorial,Tropical,Subtropical,Litoraneo",Palmeira,Perene,"0,15","0,32",Vegetativo,Vegetativo,Vegetativo,Vegetativo,Vegetativo,Vegetativo,Vegetativo,Vegetativo,Vegetativo,Vegetativo,Vegetativo,Vegetativo,
47,0,PALMEIRA-CARIOTA,CARYOTA MITIS,"Equatorial,Tropical,Subtropical,Litoraneo",Palmeira,Perene,"0,15","0,32",Vegetativo,Vegetativo,Vegetativo,Vegetativo,Vegetativo,Vegetativo,Vegetativo,Vegetativo,Vegetativo,Vegetativo,Vegetativo,Vegetativo,
48,0,BAUHÍNIA,BAUHINIA FORFICATA,"Equatorial,Tropical,Subtropical",Rapido,Semi,"0,1","0,32",Reprodutivo,Reprodutivo,Reprodutivo,Reprodutivo,Reprodutivo,Repouso,Repouso,Vegetativo,Vegetativo,Vegetativo,Vegetativo,Vegetativo,
49,0,PAU-AMENDOIM,PTEROGYNE NITENS,"Tropical,Subtropical",Medio,Semi,"0,25","0,56",Reprodutivo,Reprodutivo,Reprodutivo,Reprodutivo,Reprodutivo,Repouso,Repouso,Vegetativo,Vegetativo,Vegetativo,Vegetativo,Vegetativo,
50,0,PAU-DE-FACHO,APARISTHMIUM CORDATUM,"Equatorial,Tropical,Subtropical",Rapido,Sazonal,"0,3","0,72",Vegetativo,Reprodutivo,Reprodutivo,Reprodutivo,Reprodutivo,Repouso,Repouso,Vegetativo,Vegetativo,Vegetativo,Vegetativo,Vegetativo,
51,0,PAU FERRO,CAESALPINIA LEIOSTACHYA,"Equatorial,Tropical,Subtropical",Medio,Semi,"0,25","0,48",Reprodutivo,Reprodutivo,Reprodutivo,Reprodutivo,Reprodutivo,Repouso,Repouso,Vegetativo,Vegetativo,Vegetativo,Vegetativo,Vegetativo,
52,0,QUARESMEIRA,TIBOUCHINA GRANULOSA,"Tropical,Subtropical",Rapido,Semi,"0,2","0,32",Reprodutivo,Reprodutivo,Reprodutivo,Repouso,Repouso,Repouso,Repouso,Repouso,Vegetativo,Vegetativo,Vegetativo,Vegetativo,
53,0,RESEDA,LAGERSTROEMIA INDICA,"Litoraneo,Temperado,Tropical,Subtropical",Lento,Sazonal,"0,15","0,24",Vegetativo,Reprodutivo,Reprodutivo,Reprodutivo,Reprodutivo,Repouso,Repouso,Vegetativo,Vegetativo,Vegetativo,Vegetativo,Vegetativo,
54,0,SARANDI,TERMINALIA AUSTRALIS,"Temperado,Tropical,Subtropical",Lento,Sazonal,"0,1","0,32",Vegetativo,Reprodutivo,Reprodutivo,Reprodutivo,Reprodutivo,Repouso,Repouso,Vegetativo,Vegetativo,Vegetativo,Vegetativo,Vegetativo,
55,0,SERIGUELA,SPONDIAS PURPUREA,"Equatorial,Litoraneo,Tropical,Subtropical",Rapido,Sazonal,"0,25","0,56",Vegetativo,Reprodutivo,Reprodutivo,Reprodutivo,Reprodutivo,Repouso,Repouso,Vegetativo,Vegetativo,Vegetativo,Vegetativo,Vegetativo,
56,0,CASTANHEIRA,TERMINALIA CATAPPA,"Equatorial,Litoraneo,Tropical,Subtropical",Rapido,Sazonal,"0,4","0,8",Vegetativo,Reprodutivo,Reprodutivo,Reprodutivo,Reprodutivo,Repouso,Repouso,Vegetativo,Vegetativo,Vegetativo,Vegetativo,Vegetativo,
86,0,EMBIRIÇU,PSEUDOBOMBAX GRANDIFLORUM,"Tropical,Subtropical,Arido,Litoraneo,Equatorial,Temperado",Medio,Perene,"0,1","0,2",Vegetativo,Vegetativo,Vegetativo,Vegetativo,Vegetativo,Vegetativo,Vegetativo,Vegetativo,Vegetativo,Vegetativo,Vegetativo,Vegetativo,
87,0,ERITHRINA,ERUTHRYNA SP.,"Tropical,Subtropical,Arido,Litoraneo,Equatorial,Temperado",Medio,Perene,"0,1","0,2",Vegetativo,Vegetativo,Vegetativo,Vegetativo,Vegetativo,Vegetativo,Vegetativo,Vegetativo,Vegetativo,Vegetativo,Vegetativo,Vegetativo,
88,0,ESCUMILHA AFRICANA,LAGERSTROEMIA SPECIOSA,"Tropical,Subtropical,Arido,Litoraneo,Equatorial,Temperado",Medio,Perene,"0,1","0,2",Vegetativo,Vegetativo,Vegetativo,Vegetativo,Vegetativo,Vegetativo,Vegetativo,Vegetativo,Vegetativo,Vegetativo,Vegetativo,Vegetativo,
89,0,ESPIRRADEIRA,NERIUM OLEANDER,"Tropical,Subtropical,Arido,Litoraneo,Equatorial,Temperado",Medio,Perene,"0,1","0,2",Vegetativo,Vegetativo,Vegetativo,Vegetativo,Vegetativo,Vegetativo,Vegetativo,Vegetativo,Vegetativo,Vegetativo,Vegetativo,Vegetativo,
90,0,FAVEIRO,FAVEIRO,"Tropical,Subtropical,Arido,Litoraneo,Equatorial,Temperado",Medio,Perene,"0,1","0,2",Vegetativo,Vegetativo,Vegetativo,Vegetativo,Vegetativo,Vegetativo,Vegetativo,Vegetativo,Vegetativo,Vegetativo,Vegetativo,Vegetativo,
91,0,FICUS LIRATA,FICUS LYRATA,"Tropical,Subtropical,Arido,Litoraneo,Equatorial,Temperado",Medio,Perene,"0,1","0,2",Vegetativo,Vegetativo,Vegetativo,Vegetativo,Vegetativo,Vegetativo,Vegetativo,Vegetativo,Vegetativo,Vegetativo,Vegetativo,Vegetativo,
92,0,GOIABEIRA,PSIDIUM GUAJAVA,"Tropical,Subtropical,Arido,Litoraneo,Equatorial,Temperado",Medio,Perene,"0,1","0,2",Vegetativo,Vegetativo,Vegetativo,Vegetativo,Vegetativo,Vegetativo,Vegetativo,Vegetativo,Vegetativo,Vegetativo,Vegetativo,Vegetativo,
93,0,HIBISCO,HIBISCUS,"Tropical,Subtropical,Arido,Litoraneo,Equatorial,Temperado",Medio,Perene,"0,1","0,2",Vegetativo,Vegetativo,Vegetativo,Vegetativo,Vegetativo,Vegetativo,Vegetativo,Vegetativo,Vegetativo,Vegetativo,Vegetativo,Vegetativo,
94,0,JACARÉ,PIPTADENIA GONOACANTHA,"Tropical,Subtropical,Arido,Litoraneo,Equatorial,Temperado",Medio,Perene,"0,1","0,2",Vegetativo,Vegetativo,Vegetativo,Vegetativo,Vegetativo,Vegetativo,Vegetativo,Vegetativo,Vegetativo,Vegetativo,Vegetativo,Vegetativo,
95,0,JAQUEIRA,ARTOCARPUS HETEROPHYLLUS,"Tropical,Subtropical,Arido,Litoraneo,Equatorial,Temperado",Medio,Perene,"0,1","0,2",Vegetativo,Vegetativo,Vegetativo,Vegetativo,Vegetativo,Vegetativo,Vegetativo,Vegetativo,Vegetativo,Vegetativo,Vegetativo,Vegetativo,
96,0,JATOBÁ,HYMENEA COURBARIL,"Tropical,Subtropical,Arido,Litoraneo,Equatorial,Temperado",Medio,Perene,"0,1","0,2",Vegetativo,Vegetativo,Vegetativo,Vegetativo,Vegetativo,Vegetativo,Vegetativo,Vegetativo,Vegetativo,Vegetativo,Vegetativo,Vegetativo,
97,0,LICURI,SYAGRUS CORONATA,"Tropical,Subtropical,Arido,Litoraneo,Equatorial,Temperado",Medio,Perene,"0,1","0,2",Vegetativo,Vegetativo,Vegetativo,Vegetativo,Vegetativo,Vegetativo,Vegetativo,Vegetativo,Vegetativo,Vegetativo,Vegetativo,Vegetativo,
98,0,LOFANTERA,LOPHANTHERA LACTESCENS,"Tropical,Subtropical,Arido,Litoraneo,Equatorial,Temperado",Medio,Perene,"0,1","0,2",Vegetativo,Vegetativo,Vegetativo,Vegetativo,Vegetativo,Vegetativo,Vegetativo,Vegetativo,Vegetativo,Vegetativo,Vegetativo,Vegetativo,
99,0,MACAUBA,ACROCOMIA ACULEATA,"Tropical,Subtropical,Arido,Litoraneo,Equatorial,Temperado",Medio,Perene,"0,1","0,2",Vegetativo,Vegetativo,Vegetativo,Vegetativo,Vegetativo,Vegetativo,Vegetativo,Vegetativo,Vegetativo,Vegetativo,Vegetativo,Vegetativo,
100,0,MAMOEIRO,CARICA PAPAYA,"Tropical,Subtropical,Arido,Litoraneo,Equatorial,Temperado",Medio,Perene,"0,1","0,2",Vegetativo,Vegetativo,Vegetativo,Vegetativo,Vegetativo,Vegetativo,Vegetativo,Vegetativo,Vegetativo,Vegetativo,Vegetativo,Vegetativo,
101,0,MIRINDIBA,LAFOENSIA GLYPTOCARPA,"Tropical,Subtropical,Arido,Litoraneo,Equatorial,Temperado",Medio,Perene,"0,1","0,2",Vegetativo,Vegetativo,Vegetativo,Vegetativo,Vegetativo,Vegetativo,Vegetativo,Vegetativo,Vegetativo,Vegetativo,Vegetativo,Vegetativo,
57,0,SIBIPIRUNA,CAESALPINIA  PLUVIOSA,"Tropical,Subtropical",Lento,Semi,"0,25","0,4",Reprodutivo,Reprodutivo,Reprodutivo,Reprodutivo,Reprodutivo,Repouso,Repouso,Vegetativo,Vegetativo,Vegetativo,Vegetativo,Vegetativo,
58,0,TIPUANA,TIPUANA TIPU,"Temperado,Subtropical,Tropical",Rapido,Sazonal,"0,3","0,8",Vegetativo,Reprodutivo,Reprodutivo,Reprodutivo,Reprodutivo,Repouso,Repouso,Vegetativo,Vegetativo,Vegetativo,Vegetativo,Vegetativo,
59,0,ABACATEIRO,PERCEA AMERICANA,"Tropical,Subtropical,Arido,Litoraneo,Equatorial,Temperado",Medio,Perene,"0,1","0,2",Vegetativo,Vegetativo,Vegetativo,Vegetativo,Vegetativo,Vegetativo,Vegetativo,Vegetativo,Vegetativo,Vegetativo,Vegetativo,Vegetativo,
60,0,ALECRIM,HOLOCALYX BALANSAE,"Tropical,Subtropical,Arido,Litoraneo,Equatorial,Temperado",Medio,Perene,"0,1","0,2",Vegetativo,Vegetativo,Vegetativo,Vegetativo,Vegetativo,Vegetativo,Vegetativo,Vegetativo,Vegetativo,Vegetativo,Vegetativo,Vegetativo,
61,0,AMEIXEIRA,ERIOBOTRYA JAPONICA,"Tropical,Subtropical,Arido,Litoraneo,Equatorial,Temperado",Medio,Perene,"0,1","0,2",Vegetativo,Vegetativo,Vegetativo,Vegetativo,Vegetativo,Vegetativo,Vegetativo,Vegetativo,Vegetativo,Vegetativo,Vegetativo,Vegetativo,
62,0,AMESCLA,PROTIUM HEPTAPHYLLUM,"Tropical,Subtropical,Arido,Litoraneo,Equatorial,Temperado",Medio,Perene,"0,1","0,2",Vegetativo,Vegetativo,Vegetativo,Vegetativo,Vegetativo,Vegetativo,Vegetativo,Vegetativo,Vegetativo,Vegetativo,Vegetativo,Vegetativo,
63,0,AMOREIRA,MORUS SP.,"Tropical,Subtropical,Arido,Litoraneo,Equatorial,Temperado",Medio,Perene,"0,1","0,2",Vegetativo,Vegetativo,Vegetativo,Vegetativo,Vegetativo,Vegetativo,Vegetativo,Vegetativo,Vegetativo,Vegetativo,Vegetativo,Vegetativo,
64,0,ANGELIM,HYEMENOLOBIUM SP.,"Tropical,Subtropical,Arido,Litoraneo,Equatorial,Temperado",Medio,Perene,"0,1","0,2",Vegetativo,Vegetativo,Vegetativo,Vegetativo,Vegetativo,Vegetativo,Vegetativo,Vegetativo,Vegetativo,Vegetativo,Vegetativo,Vegetativo,
65,0,ARATICUM,ANNONA CRASSIFLORA,"Tropical,Subtropical,Arido,Litoraneo,Equatorial,Temperado",Medio,Perene,"0,1","0,2",Vegetativo,Vegetativo,Vegetativo,Vegetativo,Vegetativo,Vegetativo,Vegetativo,Vegetativo,Vegetativo,Vegetativo,Vegetativo,Vegetativo,
66,0,ARECA,ARECA SP.,"Tropical,Subtropical,Arido,Litoraneo,Equatorial,Temperado",Medio,Perene,"0,1","0,2",Vegetativo,Vegetativo,Vegetativo,Vegetativo,Vegetativo,Vegetativo,Vegetativo,Vegetativo,Vegetativo,Vegetativo,Vegetativo,Vegetativo,
67,0,BABAÇU,ATTALEA SPECIOSA,"Tropical,Subtropical,Arido,Litoraneo,Equatorial,Temperado",Medio,Perene,"0,1","0,2",Vegetativo,Vegetativo,Vegetativo,Vegetativo,Vegetativo,Vegetativo,Vegetativo,Vegetativo,Vegetativo,Vegetativo,Vegetativo,Vegetativo,
68,0,BABACA,OENOCARPUS BACABA,"Tropical,Subtropical,Arido,Litoraneo,Equatorial,Temperado",Medio,Perene,"0,1","0,2",Vegetativo,Vegetativo,Vegetativo,Vegetativo,Vegetativo,Vegetativo,Vegetativo,Vegetativo,Vegetativo,Vegetativo,Vegetativo,Vegetativo,
69,0,BACURIZEIRO,PLATONIA INSIGNIS,"Tropical,Subtropical,Arido,Litoraneo,Equatorial,Temperado",Medio,Perene,"0,1","0,2",Vegetativo,Vegetativo,Vegetativo,Vegetativo,Vegetativo,Vegetativo,Vegetativo,Vegetativo,Vegetativo,Vegetativo,Vegetativo,Vegetativo,
70,0,BAMBU,BAMBU,"Tropical,Subtropical,Arido,Litoraneo,Equatorial,Temperado",Rapido,Perene,"0,1","0,2",Vegetativo,Vegetativo,Vegetativo,Vegetativo,Vegetativo,Vegetativo,Vegetativo,Vegetativo,Vegetativo,Vegetativo,Vegetativo,Vegetativo,
71,0,BANANEIRA,MUSA SP.,"Tropical,Subtropical,Arido,Litoraneo,Equatorial,Temperado",Medio,Perene,"0,1","0,2",Vegetativo,Vegetativo,Vegetativo,Vegetativo,Vegetativo,Vegetativo,Vegetativo,Vegetativo,Vegetativo,Vegetativo,Vegetativo,Vegetativo,
72,0,BOUGANVILEA,BOUGANVILLEA SP.,"Tropical,Subtropical,Arido,Litoraneo,Equatorial,Temperado",Medio,Perene,"0,1","0,2",Vegetativo,Vegetativo,Vegetativo,Vegetativo,Vegetativo,Vegetativo,Vegetativo,Vegetativo,Vegetativo,Vegetativo,Vegetativo,Vegetativo,
73,0,BRASILEIRINHA,ERYTHRINA VARIEGATA,"Tropical,Subtropical,Arido,Litoraneo,Equatorial,Temperado",Medio,Perene,"0,1","0,2",Vegetativo,Vegetativo,Vegetativo,Vegetativo,Vegetativo,Vegetativo,Vegetativo,Vegetativo,Vegetativo,Vegetativo,Vegetativo,Vegetativo,
74,0,BURITI ,MAURITIA FLEXUOSA,"Tropical,Subtropical,Arido,Litoraneo,Equatorial,Temperado",Medio,Perene,"0,1","0,2",Vegetativo,Vegetativo,Vegetativo,Vegetativo,Vegetativo,Vegetativo,Vegetativo,Vegetativo,Vegetativo,Vegetativo,Vegetativo,Vegetativo,
75,0,CALISTEMON,CALLISTEMON VIMINALIS,"Tropical,Subtropical,Arido,Litoraneo,Equatorial,Temperado",Medio,Perene,"0,1","0,2",Vegetativo,Vegetativo,Vegetativo,Vegetativo,Vegetativo,Vegetativo,Vegetativo,Vegetativo,Vegetativo,Vegetativo,Vegetativo,Vegetativo,
76,0,CASSIA,CASSIA SP,"Tropical,Subtropical,Arido,Litoraneo,Equatorial,Temperado",Medio,Perene,"0,1","0,2",Vegetativo,Vegetativo,Vegetativo,Vegetativo,Vegetativo,Vegetativo,Vegetativo,Vegetativo,Vegetativo,Vegetativo,Vegetativo,Vegetativo,
77,0,CERCA VIVA,CERCA VIVA,"Tropical,Subtropical,Arido,Litoraneo,Equatorial,Temperado",Medio,Perene,"0,1","0,2",Vegetativo,Vegetativo,Vegetativo,Vegetativo,Vegetativo,Vegetativo,Vegetativo,Vegetativo,Vegetativo,Vegetativo,Vegetativo,Vegetativo,
78,0,CHEFLERA,SCHEFFLERA SP.,"Tropical,Subtropical,Arido,Litoraneo,Equatorial,Temperado",Medio,Perene,"0,1","0,2",Vegetativo,Vegetativo,Vegetativo,Vegetativo,Vegetativo,Vegetativo,Vegetativo,Vegetativo,Vegetativo,Vegetativo,Vegetativo,Vegetativo,
79,0,CHICHÁ,STERCULIA CHICHA,"Tropical,Subtropical,Arido,Litoraneo,Equatorial,Temperado",Medio,Perene,"0,1","0,2",Vegetativo,Vegetativo,Vegetativo,Vegetativo,Vegetativo,Vegetativo,Vegetativo,Vegetativo,Vegetativo,Vegetativo,Vegetativo,Vegetativo,
80,0,CINAMOMO,MELIA AZEDARACH,"Tropical,Subtropical,Arido,Litoraneo,Equatorial,Temperado",Medio,Perene,"0,1","0,2",Vegetativo,Vegetativo,Vegetativo,Vegetativo,Vegetativo,Vegetativo,Vegetativo,Vegetativo,Vegetativo,Vegetativo,Vegetativo,Vegetativo,
81,0,CIPRESTE,CUPRESSUS SP.,"Tropical,Subtropical,Arido,Litoraneo,Equatorial,Temperado",Medio,Perene,"0,1","0,2",Vegetativo,Vegetativo,Vegetativo,Vegetativo,Vegetativo,Vegetativo,Vegetativo,Vegetativo,Vegetativo,Vegetativo,Vegetativo,Vegetativo,
82,0,COLEOTÉRIA,KOELREUTERIA PANICULATA,"Tropical,Subtropical,Arido,Litoraneo,Equatorial,Temperado",Medio,Perene,"0,1","0,2",Vegetativo,Vegetativo,Vegetativo,Vegetativo,Vegetativo,Vegetativo,Vegetativo,Vegetativo,Vegetativo,Vegetativo,Vegetativo,Vegetativo,
83,0,COPAÍBA,COPAIFERA LANGSDORFFII,"Tropical,Subtropical,Arido,Litoraneo,Equatorial,Temperado",Medio,Perene,"0,1","0,2",Vegetativo,Vegetativo,Vegetativo,Vegetativo,Vegetativo,Vegetativo,Vegetativo,Vegetativo,Vegetativo,Vegetativo,Vegetativo,Vegetativo,
84,0,COQUEIRO,COCOS NUCIFERA,"Tropical,Subtropical,Arido,Litoraneo,Equatorial,Temperado",Medio,Perene,"0,1","0,2",Vegetativo,Vegetativo,Vegetativo,Vegetativo,Vegetativo,Vegetativo,Vegetativo,Vegetativo,Vegetativo,Vegetativo,Vegetativo,Vegetativo,
85,0,EMBAUBA,CECROPIA SP.,"Tropical,Subtropical,Arido,Litoraneo,Equatorial,Temperado",Medio,Perene,"0,1","0,2",Vegetativo,Vegetativo,Vegetativo,Vegetativo,Vegetativo,Vegetativo,Vegetativo,Vegetativo,Vegetativo,Vegetativo,Vegetativo,Vegetativo,
